schoolId,prefectureId,year,nationalBest,regionalBest
1825,58,2017,64,1
434,58,2017,,2
3426,58,2017,,4
1120,58,2017,,4
5033,58,2017,,8
2424,58,2017,,8
3363,58,2017,,8
959,58,2017,,8
1543,58,2016,32,1
1825,58,2016,,2
889,58,2016,,4
479,58,2016,,4
1100,58,2016,,8
1120,58,2016,,8
3386,58,2016,,8
2036,58,2016,,8
434,58,2015,64,1
479,58,2015,,2
3714,58,2015,,4
5033,58,2015,,4
3176,58,2015,,8
380,58,2015,,8
1898,58,2015,,8
1316,58,2015,,8
5033,58,2014,32,1
1100,58,2014,,2
1120,58,2014,,4
1316,58,2014,,4
5062,58,2014,,8
4381,58,2014,,8
2618,58,2014,,8
2867,58,2014,,8
959,58,2013,64,1
605,58,2013,,2
4315,58,2013,,4
3426,58,2013,,4
1825,58,2013,,8
4386,58,2013,,8
2036,58,2013,,8
4079,58,2013,,8
683,59,2017,32,1
1104,59,2017,,2
2747,59,2017,,4
4571,59,2017,,4
2764,59,2017,,8
103,59,2017,,8
3724,59,2017,,8
1270,59,2017,,8
683,59,2016,2,1
2764,59,2016,,2
1104,59,2016,,4
3685,59,2016,,4
3326,59,2016,,8
4800,59,2016,,8
4268,59,2016,,8
1270,59,2016,,8
683,59,2015,64,1
4800,59,2015,,2
3240,59,2015,,4
110,59,2015,,4
3724,59,2015,,8
1888,59,2015,,8
2747,59,2015,,8
103,59,2015,,8
110,59,2014,32,1
3240,59,2014,,2
4768,59,2014,,4
2764,59,2014,,4
2748,59,2014,,8
3685,59,2014,,8
2182,59,2014,,8
103,59,2014,,8
4800,59,2013,64,1
103,59,2013,,2
3724,59,2013,,4
4530,59,2013,,4
422,59,2013,,8
110,59,2013,,8
676,59,2013,,8
1270,59,2013,,8
236,1,2017,16,1
2306,1,2017,,2
3331,1,2017,,4
58,1,2017,,4
1492,1,2017,,8
376,1,2017,,8
2587,1,2017,,8
3892,1,2017,,8
2306,1,2016,32,1
1409,1,2016,,2
3331,1,2016,,4
2049,1,2016,,4
2493,1,2016,,8
1492,1,2016,,8
58,1,2016,,8
1454,1,2016,,8
1300,1,2015,32,1
2306,1,2015,,2
3111,1,2015,,4
4483,1,2015,,4
2493,1,2015,,8
3331,1,2015,,8
1927,1,2015,,8
58,1,2015,,8
2306,1,2014,8,1
3111,1,2014,,2
3331,1,2014,,4
236,1,2014,,4
1454,1,2014,,8
1913,1,2014,,8
58,1,2014,,8
4070,1,2014,,8
3331,1,2013,16,1
4249,1,2013,,2
236,1,2013,,4
2049,1,2013,,4
2306,1,2013,,8
4070,1,2013,,8
58,1,2013,,8
4144,1,2013,,8
5042,2,2017,8,1
4591,2,2017,,2
416,2,2017,,4
3908,2,2017,,4
992,2,2017,,8
3812,2,2017,,8
609,2,2017,,8
2878,2,2017,,8
5042,2,2016,16,1
2537,2,2016,,2
5216,2,2016,,4
421,2,2016,,4
992,2,2016,,8
4551,2,2016,,8
4624,2,2016,,8
2878,2,2016,,8
3836,2,2015,16,1
2537,2,2015,,2
1347,2,2015,,4
5216,2,2015,,4
421,2,2015,,8
4591,2,2015,,8
5042,2,2015,,8
3886,2,2015,,8
5042,2,2014,16,1
3836,2,2014,,2
5216,2,2014,,4
4007,2,2014,,4
1249,2,2014,,8
4667,2,2014,,8
421,2,2014,,8
3908,2,2014,,8
3836,2,2013,2,1
5042,2,2013,,2
2537,2,2013,,4
3908,2,2013,,4
5187,2,2013,,8
2105,2,2013,,8
2150,2,2013,,8
4667,2,2013,,8
2814,3,2017,8,1
71,3,2017,,2
2731,3,2017,,4
2410,3,2017,,4
3422,3,2017,,8
1431,3,2017,,8
1404,3,2017,,8
1423,3,2017,,8
71,3,2016,64,1
2149,3,2016,,2
2814,3,2016,,4
2410,3,2016,,4
4735,3,2016,,8
2407,3,2016,,8
4936,3,2016,,8
4716,3,2016,,8
2814,3,2015,2,1
3550,3,2015,,2
3196,3,2015,,4
2407,3,2015,,4
2731,3,2015,,8
2068,3,2015,,8
3574,3,2015,,8
2949,3,2015,,8
2149,3,2014,32,1
4716,3,2014,,2
4832,3,2014,,4
1811,3,2014,,4
1438,3,2014,,8
1098,3,2014,,8
3196,3,2014,,8
71,3,2014,,8
2814,3,2013,32,1
4936,3,2013,,2
3422,3,2013,,4
2731,3,2013,,4
1290,3,2013,,8
4096,3,2013,,8
94,3,2013,,8
4832,3,2013,,8
2111,4,2017,32,1
963,4,2017,,2
3264,4,2017,,4
2778,4,2017,,4
699,4,2017,,8
3125,4,2017,,8
4197,4,2017,,8
2172,4,2017,,8
2778,4,2016,64,1
2053,4,2016,,2
2346,4,2016,,4
4999,4,2016,,4
699,4,2016,,8
4197,4,2016,,8
5023,4,2016,,8
1248,4,2016,,8
1248,4,2015,8,1
2440,4,2015,,2
699,4,2015,,4
4257,4,2015,,4
2773,4,2015,,8
4197,4,2015,,8
2111,4,2015,,8
3979,4,2015,,8
2053,4,2014,32,1
699,4,2014,,2
2778,4,2014,,4
1812,4,2014,,4
2773,4,2014,,8
3979,4,2014,,8
2871,4,2014,,8
2440,4,2014,,8
1248,4,2013,32,1
2053,4,2013,,2
963,4,2013,,4
4940,4,2013,,4
3912,4,2013,,8
3125,4,2013,,8
2732,4,2013,,8
2111,4,2013,,8
981,5,2017,64,1
1101,5,2017,,2
1260,5,2017,,4
601,5,2017,,4
624,5,2017,,8
1881,5,2017,,8
503,5,2017,,8
3872,5,2017,,8
4925,5,2016,64,1
1101,5,2016,,2
385,5,2016,,4
1260,5,2016,,4
1148,5,2016,,8
981,5,2016,,8
624,5,2016,,8
2532,5,2016,,8
4925,5,2015,16,1
1881,5,2015,,2
2845,5,2015,,4
1101,5,2015,,4
385,5,2015,,8
601,5,2015,,8
1260,5,2015,,8
624,5,2015,,8
1101,5,2014,16,1
1260,5,2014,,2
981,5,2014,,4
4925,5,2014,,4
2845,5,2014,,8
601,5,2014,,8
603,5,2014,,8
2528,5,2014,,8
981,5,2013,2,1
385,5,2013,,2
1260,5,2013,,4
1101,5,2013,,4
4925,5,2013,,8
2872,5,2013,,8
1857,5,2013,,8
2532,5,2013,,8
1771,6,2017,16,1
5108,6,2017,,2
3752,6,2017,,4
5120,6,2017,,4
2290,6,2017,,8
3840,6,2017,,8
147,6,2017,,8
896,6,2017,,8
1771,6,2016,8,1
147,6,2016,,2
442,6,2016,,4
3752,6,2016,,4
896,6,2016,,8
3840,6,2016,,8
2776,6,2016,,8
2208,6,2016,,8
1771,6,2015,32,1
3752,6,2015,,2
381,6,2015,,4
5120,6,2015,,4
1963,6,2015,,8
3401,6,2015,,8
1614,6,2015,,8
247,6,2015,,8
1771,6,2014,8,1
3752,6,2014,,2
4555,6,2014,,4
5108,6,2014,,4
5120,6,2014,,8
4518,6,2014,,8
1056,6,2014,,8
896,6,2014,,8
1771,6,2013,32,1
3752,6,2013,,2
2208,6,2013,,4
988,6,2013,,4
896,6,2013,,8
147,6,2013,,8
4518,6,2013,,8
4555,6,2013,,8
3664,8,2017,64,1
4140,8,2017,,2
3192,8,2017,,4
4171,8,2017,,4
2998,8,2017,,8
2475,8,2017,,8
638,8,2017,,8
4521,8,2017,,8
638,8,2016,8,1
4670,8,2016,,2
4140,8,2016,,4
3192,8,2016,,4
2998,8,2016,,8
4267,8,2016,,8
4521,8,2016,,8
1472,8,2016,,8
4140,8,2015,64,1
4258,8,2015,,2
1560,8,2015,,4
4670,8,2015,,4
626,8,2015,,8
2998,8,2015,,8
3192,8,2015,,8
2689,8,2015,,8
4171,8,2014,64,1
4140,8,2014,,2
4408,8,2014,,4
638,8,2014,,4
2466,8,2014,,8
2142,8,2014,,8
4873,8,2014,,8
2689,8,2014,,8
638,8,2013,8,1
4140,8,2013,,2
4174,8,2013,,4
2998,8,2013,,4
4670,8,2013,,8
4258,8,2013,,8
4620,8,2013,,8
3192,8,2013,,8
2320,7,2017,64,1
3978,7,2017,,2
591,7,2017,,4
1430,7,2017,,4
2826,7,2017,,8
4761,7,2017,,8
2324,7,2017,,8
915,7,2017,,8
2320,7,2016,1,1
3978,7,2016,,2
4739,7,2016,,4
2826,7,2016,,4
591,7,2016,,8
1639,7,2016,,8
1430,7,2016,,8
300,7,2016,,8
2320,7,2015,16,1
3978,7,2015,,2
591,7,2015,,4
915,7,2015,,4
2319,7,2015,,8
2594,7,2015,,8
1430,7,2015,,8
867,7,2015,,8
2320,7,2014,32,1
2123,7,2014,,2
2319,7,2014,,4
915,7,2014,,4
4739,7,2014,,8
591,7,2014,,8
3978,7,2014,,8
2495,7,2014,,8
2320,7,2013,16,1
591,7,2013,,2
2123,7,2013,,4
915,7,2013,,4
2600,7,2013,,8
867,7,2013,,8
3283,7,2013,,8
1376,7,2013,,8
2148,13,2017,16,1
4722,13,2017,,2
2558,13,2017,,4
5067,13,2017,,4
4458,13,2017,,8
5024,13,2017,,8
2700,13,2017,,8
4536,13,2017,,8
2148,13,2016,32,1
4722,13,2016,,2
5010,13,2016,,4
5028,13,2016,,4
1636,13,2016,,8
3130,13,2016,,8
4175,13,2016,,8
4838,13,2016,,8
4722,13,2015,16,1
3478,13,2015,,2
4458,13,2015,,4
3076,13,2015,,4
4838,13,2015,,8
1690,13,2015,,8
5028,13,2015,,8
4041,13,2015,,8
4722,13,2014,8,1
5028,13,2014,,2
3478,13,2014,,4
3720,13,2014,,4
4838,13,2014,,8
4458,13,2014,,8
2325,13,2014,,8
5067,13,2014,,8
2148,13,2013,1,1
2558,13,2013,,2
4838,13,2013,,4
5010,13,2013,,4
4722,13,2013,,8
1184,13,2013,,8
2426,13,2013,,8
1690,13,2013,,8
2654,15,2017,1,1
5096,15,2017,,2
1191,15,2017,,4
1096,15,2017,,4
1154,15,2017,,8
4455,15,2017,,8
3497,15,2017,,8
276,15,2017,,8
2654,15,2016,16,1
4455,15,2016,,2
1096,15,2016,,4
3816,15,2016,,4
1171,15,2016,,8
4855,15,2016,,8
2309,15,2016,,8
3320,15,2016,,8
2654,15,2015,8,1
4075,15,2015,,2
5096,15,2015,,4
3046,15,2015,,4
1855,15,2015,,8
1180,15,2015,,8
1097,15,2015,,8
4455,15,2015,,8
1096,15,2014,32,1
3320,15,2014,,2
1683,15,2014,,4
3816,15,2014,,4
4380,15,2014,,8
4104,15,2014,,8
3319,15,2014,,8
3252,15,2014,,8
5096,15,2013,64,1
3461,15,2013,,2
4455,15,2013,,4
4358,15,2013,,4
3231,15,2013,,8
555,15,2013,,8
3320,15,2013,,8
3955,15,2013,,8
2588,9,2017,64,1
3324,9,2017,,2
681,9,2017,,4
4910,9,2017,,4
890,9,2017,,8
3943,9,2017,,8
1659,9,2017,,8
3455,9,2017,,8
2588,9,2016,8,1
890,9,2016,,2
3780,9,2016,,4
3324,9,2016,,4
2081,9,2016,,8
681,9,2016,,8
3452,9,2016,,8
2547,9,2016,,8
3943,9,2015,64,1
3324,9,2015,,2
2588,9,2015,,4
175,9,2015,,4
1251,9,2015,,8
4480,9,2015,,8
4598,9,2015,,8
483,9,2015,,8
3322,9,2014,32,1
3943,9,2014,,2
2134,9,2014,,4
4601,9,2014,,4
2899,9,2014,,8
2498,9,2014,,8
2588,9,2014,,8
175,9,2014,,8
2588,9,2013,16,1
3324,9,2013,,2
3943,9,2013,,4
3322,9,2013,,4
1251,9,2013,,8
741,9,2013,,8
5002,9,2013,,8
4480,9,2013,,8
4024,60,2017,16,1
1956,60,2017,,2
1715,60,2017,,4
5008,60,2017,,4
4005,60,2017,,8
3197,60,2017,,8
4869,60,2017,,8
3391,60,2017,,8
1715,60,2016,64,1
5008,60,2016,,2
4024,60,2016,,4
1095,60,2016,,4
139,60,2016,,8
2216,60,2016,,8
4869,60,2016,,8
3197,60,2016,,8
1715,60,2015,4,1
2216,60,2015,,2
3197,60,2015,,4
4443,60,2015,,4
2801,60,2015,,8
2606,60,2015,,8
2681,60,2015,,8
4869,60,2015,,8
4024,60,2014,16,1
3197,60,2014,,2
5110,60,2014,,4
1715,60,2014,,4
2552,60,2014,,8
787,60,2014,,8
5008,60,2014,,8
2606,60,2014,,8
4869,60,2013,32,1
4024,60,2013,,2
2681,60,2013,,4
1715,60,2013,,4
932,60,2013,,8
139,60,2013,,8
1095,60,2013,,8
1863,60,2013,,8
941,61,2017,4,1
2318,61,2017,,2
2586,61,2017,,4
4929,61,2017,,4
5047,61,2017,,8
4265,61,2017,,8
506,61,2017,,8
3476,61,2017,,8
2586,61,2016,64,1
941,61,2016,,2
5047,61,2016,,4
4678,61,2016,,4
2377,61,2016,,8
2056,61,2016,,8
3241,61,2016,,8
2318,61,2016,,8
2318,61,2015,4,1
941,61,2015,,2
3241,61,2015,,4
5047,61,2015,,4
3701,61,2015,,8
2586,61,2015,,8
2090,61,2015,,8
2377,61,2015,,8
1867,61,2014,64,1
941,61,2014,,2
3241,61,2014,,4
5047,61,2014,,4
407,61,2014,,8
2586,61,2014,,8
4265,61,2014,,8
4387,61,2014,,8
5047,61,2013,32,1
4021,61,2013,,2
4678,61,2013,,4
2090,61,2013,,4
966,61,2013,,8
4265,61,2013,,8
2318,61,2013,,8
941,61,2013,,8
4577,11,2017,64,1
382,11,2017,,2
1135,11,2017,,4
339,11,2017,,4
4891,11,2017,,8
1356,11,2017,,8
2612,11,2017,,8
1615,11,2017,,8
4577,11,2016,32,1
4891,11,2016,,2
339,11,2016,,4
3762,11,2016,,4
1135,11,2016,,8
382,11,2016,,8
495,11,2016,,8
3916,11,2016,,8
382,11,2015,1,1
4577,11,2015,,2
339,11,2015,,4
2612,11,2015,,4
3916,11,2015,,8
4891,11,2015,,8
1471,11,2015,,8
2729,11,2015,,8
382,11,2014,32,1
2536,11,2014,,2
3916,11,2014,,4
4577,11,2014,,4
1356,11,2014,,8
339,11,2014,,8
1043,11,2014,,8
3635,11,2014,,8
4577,11,2013,16,1
2729,11,2013,,2
3762,11,2013,,4
382,11,2013,,4
2536,11,2013,,8
4891,11,2013,,8
90,11,2013,,8
339,11,2013,,8
3657,12,2017,32,1
3894,12,2017,,2
1784,12,2017,,4
4191,12,2017,,4
3237,12,2017,,8
2925,12,2017,,8
5137,12,2017,,8
940,12,2017,,8
3894,12,2016,64,1
1074,12,2016,,2
2947,12,2016,,4
4970,12,2016,,4
2429,12,2016,,8
2230,12,2016,,8
2925,12,2016,,8
3061,12,2016,,8
3894,12,2015,64,1
3657,12,2015,,2
2775,12,2015,,4
602,12,2015,,4
4191,12,2015,,8
1574,12,2015,,8
1603,12,2015,,8
2429,12,2015,,8
3657,12,2014,4,1
1603,12,2014,,2
4191,12,2014,,4
1074,12,2014,,4
3894,12,2014,,8
3705,12,2014,,8
2429,12,2014,,8
3679,12,2014,,8
3657,12,2013,64,1
1574,12,2013,,2
4413,12,2013,,4
4970,12,2013,,4
3894,12,2013,,8
2298,12,2013,,8
1074,12,2013,,8
217,12,2013,,8
3420,23,2017,32,1
372,23,2017,,2
1237,23,2017,,4
1062,23,2017,,4
723,23,2017,,8
5000,23,2017,,8
1885,23,2017,,8
4080,23,2017,,8
723,23,2016,32,1
4894,23,2016,,2
474,23,2016,,4
3287,23,2016,,4
1237,23,2016,,8
2263,23,2016,,8
2395,23,2016,,8
3420,23,2016,,8
3420,23,2015,32,1
2395,23,2015,,2
1675,23,2015,,4
1062,23,2015,,4
883,23,2015,,8
474,23,2015,,8
4894,23,2015,,8
1156,23,2015,,8
4894,23,2014,16,1
3420,23,2014,,2
723,23,2014,,4
5000,23,2014,,4
3269,23,2014,,8
3287,23,2014,,8
2107,23,2014,,8
1237,23,2014,,8
723,23,2013,8,1
2263,23,2013,,2
1062,23,2013,,4
883,23,2013,,4
1237,23,2013,,8
474,23,2013,,8
2811,23,2013,,8
1156,23,2013,,8
2660,22,2017,32,1
50,22,2017,,2
2095,22,2017,,4
670,22,2017,,4
2935,22,2017,,8
2714,22,2017,,8
5076,22,2017,,8
3207,22,2017,,8
2095,22,2016,64,1
2660,22,2016,,2
50,22,2016,,4
5076,22,2016,,4
1495,22,2016,,8
48,22,2016,,8
2042,22,2016,,8
2169,22,2016,,8
50,22,2015,16,1
48,22,2015,,2
3207,22,2015,,4
5076,22,2015,,4
920,22,2015,,8
730,22,2015,,8
2095,22,2015,,8
5222,22,2015,,8
2095,22,2014,16,1
5076,22,2014,,2
2935,22,2014,,4
50,22,2014,,4
3016,22,2014,,8
2969,22,2014,,8
670,22,2014,,8
2660,22,2014,,8
2095,22,2013,64,1
50,22,2013,,2
48,22,2013,,4
670,22,2013,,4
2969,22,2013,,8
72,22,2013,,8
5076,22,2013,,8
2935,22,2013,,8
4068,21,2017,32,1
663,21,2017,,2
4559,21,2017,,4
4806,21,2017,,4
4244,21,2017,,8
3854,21,2017,,8
3073,21,2017,,8
642,21,2017,,8
2308,21,2016,64,1
4806,21,2016,,2
4068,21,2016,,4
1593,21,2016,,4
1223,21,2016,,8
4807,21,2016,,8
3854,21,2016,,8
1280,21,2016,,8
4244,21,2015,32,1
4807,21,2015,,2
1280,21,2015,,4
3854,21,2015,,4
4806,21,2015,,8
1223,21,2015,,8
1473,21,2015,,8
5088,21,2015,,8
4244,21,2014,4,1
4807,21,2014,,2
3854,21,2014,,4
1593,21,2014,,4
2308,21,2014,,8
4559,21,2014,,8
481,21,2014,,8
4806,21,2014,,8
4806,21,2013,16,1
5227,21,2013,,2
2769,21,2013,,4
4790,21,2013,,4
4244,21,2013,,8
2207,21,2013,,8
2308,21,2013,,8
4559,21,2013,,8
1036,14,2017,64,1
3570,14,2017,,2
4217,14,2017,,4
1335,14,2017,,4
4523,14,2017,,8
3809,14,2017,,8
197,14,2017,,8
4139,14,2017,,8
1036,14,2016,32,1
3570,14,2016,,2
1335,14,2016,,4
3851,14,2016,,4
3931,14,2016,,8
3682,14,2016,,8
1548,14,2016,,8
394,14,2016,,8
3570,14,2015,16,1
2610,14,2015,,2
1335,14,2015,,4
3809,14,2015,,4
3682,14,2015,,8
394,14,2015,,8
4878,14,2015,,8
3851,14,2015,,8
3570,14,2014,64,1
1335,14,2014,,2
1036,14,2014,,4
3931,14,2014,,4
3809,14,2014,,8
2511,14,2014,,8
3851,14,2014,,8
394,14,2014,,8
3931,14,2013,32,1
1335,14,2013,,2
3570,14,2013,,4
4217,14,2013,,4
1036,14,2013,,8
1308,14,2013,,8
2610,14,2013,,8
3136,14,2013,,8
3368,19,2017,32,1
3868,19,2017,,2
2220,19,2017,,4
4309,19,2017,,4
2485,19,2017,,8
669,19,2017,,8
608,19,2017,,8
2066,19,2017,,8
3868,19,2016,64,1
3368,19,2016,,2
2642,19,2016,,4
608,19,2016,,4
2066,19,2016,,8
4426,19,2016,,8
669,19,2016,,8
2485,19,2016,,8
669,19,2015,32,1
3868,19,2015,,2
608,19,2015,,4
3368,19,2015,,4
3034,19,2015,,8
2085,19,2015,,8
4322,19,2015,,8
4937,19,2015,,8
3868,19,2014,32,1
4243,19,2014,,2
768,19,2014,,4
1124,19,2014,,4
293,19,2014,,8
866,19,2014,,8
669,19,2014,,8
2642,19,2014,,8
669,19,2013,64,1
3868,19,2013,,2
293,19,2013,,4
4243,19,2013,,4
4937,19,2013,,8
2642,19,2013,,8
984,19,2013,,8
3368,19,2013,,8
1569,18,2017,32,1
1567,18,2017,,2
1342,18,2017,,4
996,18,2017,,4
4916,18,2017,,8
4465,18,2017,,8
18,18,2017,,8
2364,18,2017,,8
1567,18,2016,32,1
1569,18,2016,,2
2629,18,2016,,4
996,18,2016,,4
2204,18,2016,,8
356,18,2016,,8
4465,18,2016,,8
2024,18,2016,,8
4651,18,2015,64,1
3493,18,2015,,2
1569,18,2015,,4
2024,18,2015,,4
1567,18,2015,,8
5036,18,2015,,8
996,18,2015,,8
2204,18,2015,,8
1569,18,2014,32,1
4923,18,2014,,2
2024,18,2014,,4
427,18,2014,,4
1567,18,2014,,8
4953,18,2014,,8
3107,18,2014,,8
4325,18,2014,,8
1569,18,2013,64,1
996,18,2013,,2
2024,18,2013,,4
1567,18,2013,,4
3030,18,2013,,8
4465,18,2013,,8
2629,18,2013,,8
4286,18,2013,,8
3419,20,2017,64,1
5202,20,2017,,2
1787,20,2017,,4
4638,20,2017,,4
5046,20,2017,,8
4028,20,2017,,8
1873,20,2017,,8
4338,20,2017,,8
4028,20,2016,32,1
237,20,2016,,2
5046,20,2016,,4
1787,20,2016,,4
1618,20,2016,,8
3131,20,2016,,8
3775,20,2016,,8
5202,20,2016,,8
4638,20,2015,64,1
4699,20,2015,,2
3794,20,2015,,4
4642,20,2015,,4
263,20,2015,,8
5046,20,2015,,8
3964,20,2015,,8
3746,20,2015,,8
4638,20,2014,64,1
3365,20,2014,,2
5046,20,2014,,4
5202,20,2014,,4
1873,20,2014,,8
764,20,2014,,8
891,20,2014,,8
3131,20,2014,,8
4028,20,2013,16,1
5228,20,2013,,2
3131,20,2013,,4
776,20,2013,,4
3004,20,2013,,8
1271,20,2013,,8
3746,20,2013,,8
4638,20,2013,,8
2668,16,2017,64,1
4016,16,2017,,2
3358,16,2017,,4
2931,16,2017,,4
4165,16,2017,,8
596,16,2017,,8
2936,16,2017,,8
3560,16,2017,,8
2931,16,2016,16,1
2936,16,2016,,2
4016,16,2016,,4
264,16,2016,,4
3358,16,2016,,8
2198,16,2016,,8
3778,16,2016,,8
630,16,2016,,8
2668,16,2015,16,1
2936,16,2015,,2
2931,16,2015,,4
4451,16,2015,,4
3778,16,2015,,8
680,16,2015,,8
3850,16,2015,,8
1640,16,2015,,8
2931,16,2014,32,1
4016,16,2014,,2
4290,16,2014,,4
2668,16,2014,,4
630,16,2014,,8
3424,16,2014,,8
5135,16,2014,,8
1217,16,2014,,8
2936,16,2013,64,1
15,16,2013,,2
5143,16,2013,,4
3778,16,2013,,4
596,16,2013,,8
763,16,2013,,8
2198,16,2013,,8
3424,16,2013,,8
1021,17,2017,32,1
4166,17,2017,,2
4901,17,2017,,4
747,17,2017,,4
463,17,2017,,8
1402,17,2017,,8
2275,17,2017,,8
1421,17,2017,,8
1421,17,2016,16,1
1021,17,2016,,2
4166,17,2016,,4
463,17,2016,,4
784,17,2016,,8
2196,17,2016,,8
747,17,2016,,8
4094,17,2016,,8
747,17,2015,32,1
1421,17,2015,,2
463,17,2015,,4
4646,17,2015,,4
1021,17,2015,,8
1076,17,2015,,8
4513,17,2015,,8
1573,17,2015,,8
4166,17,2014,2,1
4901,17,2014,,2
2613,17,2014,,4
1421,17,2014,,4
463,17,2014,,8
1402,17,2014,,8
4646,17,2014,,8
3217,17,2014,,8
4166,17,2013,32,1
4901,17,2013,,2
1076,17,2013,,4
747,17,2013,,4
3217,17,2013,,8
2613,17,2013,,8
3321,17,2013,,8
463,17,2013,,8
3702,27,2017,32,1
248,27,2017,,2
3058,27,2017,,4
5013,27,2017,,4
850,27,2017,,8
2598,27,2017,,8
1081,27,2017,,8
2713,27,2017,,8
248,27,2016,64,1
952,27,2016,,2
5056,27,2016,,4
2289,27,2016,,4
3058,27,2016,,8
2073,27,2016,,8
3618,27,2016,,8
1091,27,2016,,8
3440,27,2015,64,1
248,27,2015,,2
850,27,2015,,4
1306,27,2015,,4
748,27,2015,,8
1081,27,2015,,8
632,27,2015,,8
3380,27,2015,,8
248,27,2014,16,1
632,27,2014,,2
1081,27,2014,,4
2835,27,2014,,4
3532,27,2014,,8
2289,27,2014,,8
3440,27,2014,,8
3702,27,2014,,8
3702,27,2013,32,1
397,27,2013,,2
248,27,2013,,4
1598,27,2013,,4
780,27,2013,,8
5013,27,2013,,8
3532,27,2013,,8
2289,27,2013,,8
2077,25,2017,32,1
3299,25,2017,,2
728,25,2017,,4
4954,25,2017,,4
4763,25,2017,,8
1364,25,2017,,8
2534,25,2017,,8
3092,25,2017,,8
291,25,2016,64,1
1034,25,2016,,2
4055,25,2016,,4
1364,25,2016,,4
4130,25,2016,,8
4703,25,2016,,8
3092,25,2016,,8
444,25,2016,,8
3268,25,2015,16,1
4055,25,2015,,2
4306,25,2015,,4
1474,25,2015,,4
1372,25,2015,,8
1364,25,2015,,8
1660,25,2015,,8
291,25,2015,,8
3299,25,2014,64,1
805,25,2014,,2
3092,25,2014,,4
1757,25,2014,,4
728,25,2014,,8
1474,25,2014,,8
2534,25,2014,,8
3929,25,2014,,8
1034,25,2013,64,1
3268,25,2013,,2
4703,25,2013,,4
291,25,2013,,4
4055,25,2013,,8
4385,25,2013,,8
419,25,2013,,8
3299,25,2013,,8
1142,24,2017,16,1
3028,24,2017,,2
1703,24,2017,,4
158,24,2017,,4
517,24,2017,,8
1649,24,2017,,8
3424,24,2017,,8
4922,24,2017,,8
1703,24,2016,16,1
2510,24,2016,,2
113,24,2016,,4
4211,24,2016,,4
3663,24,2016,,8
1479,24,2016,,8
3680,24,2016,,8
144,24,2016,,8
4532,24,2015,32,1
1649,24,2015,,2
919,24,2015,,4
3028,24,2015,,4
1269,24,2015,,8
2641,24,2015,,8
4922,24,2015,,8
1142,24,2015,,8
1142,24,2014,1,1
2641,24,2014,,2
1703,24,2014,,4
1244,24,2014,,4
158,24,2014,,8
3934,24,2014,,8
1649,24,2014,,8
184,24,2014,,8
1142,24,2013,16,1
1703,24,2013,,2
4211,24,2013,,4
377,24,2013,,4
1244,24,2013,,8
1534,24,2013,,8
3055,24,2013,,8
113,24,2013,,8
4357,26,2017,16,1
2080,26,2017,,2
1063,26,2017,,4
2863,26,2017,,4
1958,26,2017,,8
3615,26,2017,,8
796,26,2017,,8
5018,26,2017,,8
3823,26,2016,64,1
2080,26,2016,,2
361,26,2016,,4
1127,26,2016,,4
796,26,2016,,8
4357,26,2016,,8
3348,26,2016,,8
1063,26,2016,,8
2863,26,2015,32,1
2080,26,2015,,2
4357,26,2015,,4
439,26,2015,,4
3699,26,2015,,8
3008,26,2015,,8
3371,26,2015,,8
1063,26,2015,,8
4357,26,2014,64,1
2335,26,2014,,2
5018,26,2014,,4
361,26,2014,,4
2080,26,2014,,8
1958,26,2014,,8
3474,26,2014,,8
2722,26,2014,,8
129,26,2013,32,1
2810,26,2013,,2
1063,26,2013,,4
3615,26,2013,,4
5161,26,2013,,8
2080,26,2013,,8
3823,26,2013,,8
3234,26,2013,,8
4769,28,2017,4,1
1981,28,2017,,2
3923,28,2017,,4
1644,28,2017,,4
2541,28,2017,,8
1755,28,2017,,8
3186,28,2017,,8
1329,28,2017,,8
1644,28,2016,32,1
4769,28,2016,,2
4837,28,2016,,4
1981,28,2016,,4
4237,28,2016,,8
3209,28,2016,,8
4948,28,2016,,8
1020,28,2016,,8
4769,28,2015,64,1
1198,28,2015,,2
4948,28,2015,,4
4810,28,2015,,4
1329,28,2015,,8
1755,28,2015,,8
4331,28,2015,,8
4546,28,2015,,8
1644,28,2014,64,1
4769,28,2014,,2
4810,28,2014,,4
1198,28,2014,,4
1577,28,2014,,8
1981,28,2014,,8
3601,28,2014,,8
2541,28,2014,,8
3376,28,2013,64,1
1981,28,2013,,2
4237,28,2013,,4
1198,28,2013,,4
523,28,2013,,8
1644,28,2013,,8
3174,28,2013,,8
1020,28,2013,,8
1884,29,2017,32,1
998,29,2017,,2
4404,29,2017,,4
5113,29,2017,,4
2226,29,2017,,8
3082,29,2017,,8
4149,29,2017,,8
1187,29,2017,,8
4404,29,2016,32,1
4034,29,2016,,2
432,29,2016,,4
5113,29,2016,,4
1360,29,2016,,8
4142,29,2016,,8
3081,29,2016,,8
1884,29,2016,,8
1884,29,2015,64,1
3890,29,2015,,2
4034,29,2015,,4
2226,29,2015,,4
2786,29,2015,,8
4404,29,2015,,8
2589,29,2015,,8
998,29,2015,,8
4404,29,2014,64,1
1884,29,2014,,2
998,29,2014,,4
3890,29,2014,,4
4034,29,2014,,8
1510,29,2014,,8
1756,29,2014,,8
2993,29,2014,,8
4034,29,2013,64,1
3081,29,2013,,2
5113,29,2013,,4
2779,29,2013,,4
1037,29,2013,,8
2589,29,2013,,8
4263,29,2013,,8
59,29,2013,,8
3166,33,2017,64,1
4022,33,2017,,2
1557,33,2017,,4
2294,33,2017,,4
3059,33,2017,,8
811,33,2017,,8
4377,33,2017,,8
1676,33,2017,,8
4390,33,2016,32,1
3166,33,2016,,2
1676,33,2016,,4
2964,33,2016,,4
2213,33,2016,,8
2294,33,2016,,8
1557,33,2016,,8
4022,33,2016,,8
2964,33,2015,32,1
1676,33,2015,,2
4390,33,2015,,4
578,33,2015,,4
1694,33,2015,,8
1612,33,2015,,8
2213,33,2015,,8
982,33,2015,,8
2294,33,2014,16,1
2964,33,2014,,2
1694,33,2014,,4
4022,33,2014,,4
1557,33,2014,,8
2213,33,2014,,8
4377,33,2014,,8
578,33,2014,,8
2964,33,2013,64,1
2294,33,2013,,2
1557,33,2013,,4
1694,33,2013,,4
4033,33,2013,,8
85,33,2013,,8
3166,33,2013,,8
1676,33,2013,,8
3412,34,2017,64,1
1480,34,2017,,2
2227,34,2017,,4
1016,34,2017,,4
905,34,2017,,8
3866,34,2017,,8
3795,34,2017,,8
28,34,2017,,8
2419,34,2016,64,1
905,34,2016,,2
2227,34,2016,,4
3412,34,2016,,4
1480,34,2016,,8
3866,34,2016,,8
1964,34,2016,,8
1016,34,2016,,8
3866,34,2015,32,1
5075,34,2015,,2
4396,34,2015,,4
2227,34,2015,,4
905,34,2015,,8
1428,34,2015,,8
3053,34,2015,,8
2392,34,2015,,8
3412,34,2014,64,1
2227,34,2014,,2
5075,34,2014,,4
4890,34,2014,,4
1428,34,2014,,8
3866,34,2014,,8
815,34,2014,,8
1016,34,2014,,8
3866,34,2013,64,1
905,34,2013,,2
3412,34,2013,,4
2422,34,2013,,4
5075,34,2013,,8
2392,34,2013,,8
1016,34,2013,,8
4535,34,2013,,8
1996,31,2017,64,1
1623,31,2017,,2
2241,31,2017,,4
695,31,2017,,4
1928,31,2017,,8
3567,31,2017,,8
3818,31,2017,,8
2572,31,2017,,8
1623,31,2016,32,1
2950,31,2016,,2
842,31,2016,,4
1996,31,2016,,4
695,31,2016,,8
2572,31,2016,,8
2241,31,2016,,8
4839,31,2016,,8
3567,31,2015,64,1
1623,31,2015,,2
2950,31,2015,,4
842,31,2015,,4
2572,31,2015,,8
5126,31,2015,,8
4839,31,2015,,8
5141,31,2015,,8
2241,31,2014,32,1
2572,31,2014,,2
695,31,2014,,4
842,31,2014,,4
1623,31,2014,,8
3359,31,2014,,8
1928,31,2014,,8
3567,31,2014,,8
2950,31,2013,64,1
2241,31,2013,,2
773,31,2013,,4
695,31,2013,,4
1448,31,2013,,8
842,31,2013,,8
1262,31,2013,,8
794,31,2013,,8
1198,30,2017,2,1
4392,30,2017,,2
3190,30,2017,,4
4422,30,2017,,4
5106,30,2017,,8
838,30,2017,,8
4183,30,2017,,8
1559,30,2017,,8
4392,30,2016,16,1
1375,30,2016,,2
2944,30,2016,,4
4146,30,2016,,4
3190,30,2016,,8
838,30,2016,,8
4633,30,2016,,8
1449,30,2016,,8
4392,30,2015,32,1
1314,30,2015,,2
3181,30,2015,,4
4146,30,2015,,4
4428,30,2015,,8
838,30,2015,,8
1375,30,2015,,8
1559,30,2015,,8
4146,30,2014,64,1
4392,30,2014,,2
3190,30,2014,,4
1314,30,2014,,4
1559,30,2014,,8
838,30,2014,,8
1375,30,2014,,8
4633,30,2014,,8
2601,30,2013,32,1
4392,30,2013,,2
1375,30,2013,,4
3155,30,2013,,4
1179,30,2013,,8
4146,30,2013,,8
979,30,2013,,8
1581,30,2013,,8
4433,32,2017,32,1
1002,32,2017,,2
2460,32,2017,,4
4459,32,2017,,4
3332,32,2017,,8
4272,32,2017,,8
4294,32,2017,,8
3616,32,2017,,8
4272,32,2016,64,1
1002,32,2016,,2
5150,32,2016,,4
1397,32,2016,,4
308,32,2016,,8
4433,32,2016,,8
4459,32,2016,,8
20,32,2016,,8
1229,32,2015,32,1
4433,32,2015,,2
1002,32,2015,,4
4459,32,2015,,4
4272,32,2015,,8
874,32,2015,,8
2823,32,2015,,8
2460,32,2015,,8
308,32,2014,64,1
3332,32,2014,,2
14,32,2014,,4
1002,32,2014,,4
2460,32,2014,,8
2283,32,2014,,8
2019,32,2014,,8
4906,32,2014,,8
4294,32,2013,64,1
4272,32,2013,,2
2948,32,2013,,4
308,32,2013,,4
20,32,2013,,8
1002,32,2013,,8
1229,32,2013,,8
4469,32,2013,,8
2021,38,2017,64,1
4693,38,2017,,2
2060,38,2017,,4
2164,38,2017,,4
4770,38,2017,,8
3596,38,2017,,8
1608,38,2017,,8
3527,38,2017,,8
2248,38,2016,8,1
2021,38,2016,,2
2060,38,2016,,4
3596,38,2016,,4
4811,38,2016,,8
4959,38,2016,,8
5229,38,2016,,8
3590,38,2016,,8
2248,38,2015,64,1
4811,38,2015,,2
4959,38,2015,,4
3527,38,2015,,4
2021,38,2015,,8
644,38,2015,,8
3903,38,2015,,8
3590,38,2015,,8
2248,38,2014,32,1
2021,38,2014,,2
2060,38,2014,,4
1277,38,2014,,4
3596,38,2014,,8
3880,38,2014,,8
5229,38,2014,,8
3527,38,2014,,8
2248,38,2013,8,1
2164,38,2013,,2
2021,38,2013,,4
2060,38,2013,,4
3108,38,2013,,8
3590,38,2013,,8
1277,38,2013,,8
3880,38,2013,,8
1653,35,2017,8,1
2486,35,2017,,2
4196,35,2017,,4
5104,35,2017,,4
2025,35,2017,,8
1848,35,2017,,8
2591,35,2017,,8
1942,35,2017,,8
2591,35,2016,32,1
1848,35,2016,,2
5104,35,2016,,4
2544,35,2016,,4
3612,35,2016,,8
3309,35,2016,,8
4196,35,2016,,8
341,35,2016,,8
1005,35,2015,64,1
2486,35,2015,,2
341,35,2015,,4
1848,35,2015,,4
1942,35,2015,,8
4082,35,2015,,8
29,35,2015,,8
4167,35,2015,,8
2905,35,2014,64,1
5104,35,2014,,2
2591,35,2014,,4
1936,35,2014,,4
1942,35,2014,,8
2544,35,2014,,8
2563,35,2014,,8
2708,35,2014,,8
4196,35,2013,32,1
2591,35,2013,,2
341,35,2013,,4
3152,35,2013,,4
729,35,2013,,8
2486,35,2013,,8
3612,35,2013,,8
1848,35,2013,,8
1374,37,2017,16,1
726,37,2017,,2
3171,37,2017,,4
2135,37,2017,,4
2894,37,2017,,8
4176,37,2017,,8
433,37,2017,,8
1658,37,2017,,8
3171,37,2016,32,1
703,37,2016,,2
1632,37,2016,,4
3265,37,2016,,4
1747,37,2016,,8
4176,37,2016,,8
3021,37,2016,,8
828,37,2016,,8
4579,37,2015,64,1
5140,37,2015,,2
5040,37,2015,,4
581,37,2015,,4
3265,37,2015,,8
3813,37,2015,,8
2269,37,2015,,8
2135,37,2015,,8
5140,37,2014,64,1
581,37,2014,,2
3813,37,2014,,4
1632,37,2014,,4
4789,37,2014,,8
809,37,2014,,8
703,37,2014,,8
1801,37,2014,,8
1374,37,2013,16,1
4579,37,2013,,2
2135,37,2013,,4
3171,37,2013,,4
3021,37,2013,,8
1459,37,2013,,8
1632,37,2013,,8
3284,37,2013,,8
4260,36,2017,32,1
4628,36,2017,,2
3947,36,2017,,4
4264,36,2017,,4
2703,36,2017,,8
3179,36,2017,,8
498,36,2017,,8
2804,36,2017,,8
4260,36,2016,4,1
233,36,2016,,2
351,36,2016,,4
3660,36,2016,,4
108,36,2016,,8
4287,36,2016,,8
3122,36,2016,,8
498,36,2016,,8
4260,36,2015,64,1
498,36,2015,,2
5219,36,2015,,4
3122,36,2015,,4
4264,36,2015,,8
3660,36,2015,,8
351,36,2015,,8
2787,36,2015,,8
4260,36,2014,32,1
498,36,2014,,2
351,36,2014,,4
3660,36,2014,,4
4628,36,2014,,8
3122,36,2014,,8
2804,36,2014,,8
4264,36,2014,,8
4260,36,2013,8,1
498,36,2013,,2
233,36,2013,,4
351,36,2013,,4
2703,36,2013,,8
360,36,2013,,8
4264,36,2013,,8
3179,36,2013,,8
3822,39,2017,64,1
3330,39,2017,,2
2093,39,2017,,4
2205,39,2017,,4
1838,39,2017,,8
1230,39,2017,,8
2400,39,2017,,8
3334,39,2017,,8
3182,39,2016,64,1
3334,39,2016,,2
2102,39,2016,,4
3512,39,2016,,4
1195,39,2016,,8
2037,39,2016,,8
1496,39,2016,,8
3293,39,2016,,8
3182,39,2015,8,1
3185,39,2015,,2
3887,39,2015,,4
4867,39,2015,,4
1222,39,2015,,8
399,39,2015,,8
4702,39,2015,,8
3822,39,2015,,8
3182,39,2014,64,1
1232,39,2014,,2
3822,39,2014,,4
1195,39,2014,,4
1230,39,2014,,8
2205,39,2014,,8
4755,39,2014,,8
4168,39,2014,,8
1195,39,2013,32,1
2332,39,2013,,2
5192,39,2013,,4
4336,39,2013,,4
3334,39,2013,,8
8,39,2013,,8
3185,39,2013,,8
1496,39,2013,,8
2154,40,2017,64,1
4644,40,2017,,2
3142,40,2017,,4
2616,40,2017,,4
3544,40,2017,,8
1478,40,2017,,8
1193,40,2017,,8
3738,40,2017,,8
1478,40,2016,32,1
3195,40,2016,,2
4031,40,2016,,4
4548,40,2016,,4
3503,40,2016,,8
3544,40,2016,,8
5021,40,2016,,8
3451,40,2016,,8
4031,40,2015,32,1
1478,40,2015,,2
2873,40,2015,,4
3195,40,2015,,4
3935,40,2015,,8
2616,40,2015,,8
4649,40,2015,,8
1330,40,2015,,8
3544,40,2014,64,1
2616,40,2014,,2
3195,40,2014,,4
3738,40,2014,,4
3148,40,2014,,8
2154,40,2014,,8
4031,40,2014,,8
774,40,2014,,8
2951,40,2013,32,1
2154,40,2013,,2
2616,40,2013,,4
5021,40,2013,,4
3037,40,2013,,8
1478,40,2013,,8
774,40,2013,,8
4548,40,2013,,8
3706,41,2017,64,1
1796,41,2017,,2
4495,41,2017,,4
4741,41,2017,,4
494,41,2017,,8
3613,41,2017,,8
4786,41,2017,,8
2691,41,2017,,8
3167,41,2016,64,1
5105,41,2016,,2
1796,41,2016,,4
494,41,2016,,4
3706,41,2016,,8
648,41,2016,,8
4741,41,2016,,8
5138,41,2016,,8
494,41,2015,32,1
5138,41,2015,,2
3167,41,2015,,4
957,41,2015,,4
5105,41,2015,,8
611,41,2015,,8
3706,41,2015,,8
3577,41,2015,,8
5138,41,2014,32,1
494,41,2014,,2
3167,41,2014,,4
4786,41,2014,,4
4084,41,2014,,8
228,41,2014,,8
3706,41,2014,,8
611,41,2014,,8
957,41,2013,64,1
4741,41,2013,,2
5138,41,2013,,4
494,41,2013,,4
2691,41,2013,,8
3681,41,2013,,8
301,41,2013,,8
4495,41,2013,,8
2989,42,2017,32,1
1967,42,2017,,2
1125,42,2017,,4
171,42,2017,,4
4321,42,2017,,8
2418,42,2017,,8
1994,42,2017,,8
873,42,2017,,8
2989,42,2016,4,1
1967,42,2016,,2
769,42,2016,,4
1125,42,2016,,4
112,42,2016,,8
983,42,2016,,8
1765,42,2016,,8
370,42,2016,,8
1967,42,2015,32,1
1125,42,2015,,2
873,42,2015,,4
3653,42,2015,,4
2416,42,2015,,8
2650,42,2015,,8
1994,42,2015,,8
2885,42,2015,,8
1765,42,2014,16,1
1125,42,2014,,2
5022,42,2014,,4
370,42,2014,,4
2650,42,2014,,8
1967,42,2014,,8
4730,42,2014,,8
2621,42,2014,,8
370,42,2013,32,1
1125,42,2013,,2
3797,42,2013,,4
2621,42,2013,,4
5022,42,2013,,8
570,42,2013,,8
2989,42,2013,,8
983,42,2013,,8
3553,45,2017,8,1
848,45,2017,,2
3858,45,2017,,4
4614,45,2017,,4
518,45,2017,,8
1137,45,2017,,8
3975,45,2017,,8
4035,45,2017,,8
4035,45,2016,64,1
3696,45,2016,,2
1761,45,2016,,4
232,45,2016,,4
4292,45,2016,,8
4617,45,2016,,8
368,45,2016,,8
3553,45,2016,,8
3553,45,2015,64,1
848,45,2015,,2
4614,45,2015,,4
4330,45,2015,,4
1813,45,2015,,8
755,45,2015,,8
3194,45,2015,,8
3696,45,2015,,8
4035,45,2014,64,1
3553,45,2014,,2
4330,45,2014,,4
3194,45,2014,,4
848,45,2014,,8
4734,45,2014,,8
232,45,2014,,8
1340,45,2014,,8
848,45,2013,64,1
3194,45,2013,,2
4035,45,2013,,4
3553,45,2013,,4
4574,45,2013,,8
1225,45,2013,,8
4614,45,2013,,8
3696,45,2013,,8
4351,44,2017,32,1
4476,44,2017,,2
3759,44,2017,,4
4485,44,2017,,4
5179,44,2017,,8
350,44,2017,,8
4632,44,2017,,8
448,44,2017,,8
92,44,2016,16,1
3588,44,2016,,2
1139,44,2016,,4
2994,44,2016,,4
766,44,2016,,8
3745,44,2016,,8
4485,44,2016,,8
448,44,2016,,8
4485,44,2015,64,1
4632,44,2015,,2
3759,44,2015,,4
4351,44,2015,,4
3798,44,2015,,8
3588,44,2015,,8
3191,44,2015,,8
73,44,2015,,8
92,44,2014,64,1
901,44,2014,,2
4485,44,2014,,4
3480,44,2014,,4
3745,44,2014,,8
1139,44,2014,,8
3920,44,2014,,8
3355,44,2014,,8
3191,44,2013,4,1
4351,44,2013,,2
3588,44,2013,,4
92,44,2013,,4
1139,44,2013,,8
3798,44,2013,,8
448,44,2013,,8
350,44,2013,,8
1610,43,2017,16,1
3960,43,2017,,2
4834,43,2017,,4
802,43,2017,,4
4036,43,2017,,8
4424,43,2017,,8
4676,43,2017,,8
2061,43,2017,,8
802,43,2016,32,1
4676,43,2016,,2
2209,43,2016,,4
91,43,2016,,4
2728,43,2016,,8
3307,43,2016,,8
1610,43,2016,,8
4733,43,2016,,8
4676,43,2015,32,1
2061,43,2015,,2
1610,43,2015,,4
2258,43,2015,,4
2926,43,2015,,8
2555,43,2015,,8
4489,43,2015,,8
2812,43,2015,,8
4834,43,2014,32,1
1610,43,2014,,2
2376,43,2014,,4
2926,43,2014,,4
4676,43,2014,,8
91,43,2014,,8
2258,43,2014,,8
4424,43,2014,,8
802,43,2013,32,1
4676,43,2013,,2
2258,43,2013,,4
5163,43,2013,,4
1610,43,2013,,8
4834,43,2013,,8
2926,43,2013,,8
1333,43,2013,,8
294,46,2017,64,1
3370,46,2017,,2
5074,46,2017,,4
3799,46,2017,,4
4100,46,2017,,8
1048,46,2017,,8
3826,46,2017,,8
2878,46,2017,,8
2578,46,2016,16,1
2753,46,2016,,2
827,46,2016,,4
430,46,2016,,4
744,46,2016,,8
1000,46,2016,,8
3826,46,2016,,8
484,46,2016,,8
294,46,2015,8,1
3799,46,2015,,2
4100,46,2015,,4
579,46,2015,,4
3521,46,2015,,8
3888,46,2015,,8
1073,46,2015,,8
2160,46,2015,,8
4100,46,2014,8,1
3799,46,2014,,2
1048,46,2014,,4
3826,46,2014,,4
2578,46,2014,,8
2753,46,2014,,8
2160,46,2014,,8
2311,46,2014,,8
4100,46,2013,32,1
2753,46,2013,,2
1856,46,2013,,2
3888,46,2013,,4
3799,46,2013,,8
3434,46,2013,,8
1048,46,2013,,8
1550,46,2013,,8
